{"cameraMode":{"drawMode":0,"name":"Shaded","section":"Shading Mode"},"sceneLighting":false,"audioPlay":false,"sceneViewState":{"showFog":true,"showMaterialUpdate":false,"showSkybox":false,"showFlares":true,"showImageEffects":true,"showParticleSystems":true},"in2DMode":false,"pivot":{"x":-44.120704650878909,"y":-338.77313232421877,"z":24.659000396728517},"rotation":{"x":0.3255963921546936,"y":0.1383102685213089,"z":-0.048209238797426227,"w":0.9340968132019043},"size":0.36901360750198367,"orthographic":false}