{"cameraMode":{"drawMode":0,"name":"Shaded","section":"Shading Mode"},"sceneLighting":false,"audioPlay":false,"sceneViewState":{"showFog":true,"showMaterialUpdate":false,"showSkybox":false,"showFlares":true,"showImageEffects":true,"showParticleSystems":true},"in2DMode":false,"pivot":{"x":-44.45000076293945,"y":-338.77313232421877,"z":24.659000396728517},"rotation":{"x":-0.5075905323028565,"y":0.017054041847586633,"z":-0.010050253942608834,"w":-0.8613747954368591},"size":0.0527166873216629,"orthographic":true}