{"cameraMode":{"drawMode":0,"name":"Shaded","section":"Shading Mode"},"sceneLighting":false,"audioPlay":false,"sceneViewState":{"showFog":true,"showMaterialUpdate":false,"showSkybox":false,"showFlares":true,"showImageEffects":true,"showParticleSystems":true},"in2DMode":false,"pivot":{"x":1.9597505331039429,"y":0.27195900678634646,"z":0.04410123825073242},"rotation":{"x":0.17947222292423249,"y":0.3042496144771576,"z":-0.058482445776462558,"w":0.9337109327316284},"size":3.5820415019989015,"orthographic":false}